datetime,LWIN,RH,SWIN,T,TP,WD,WS
2015-01-01 00:00:00,-999,76.665,-999,266.098,0.000,24.179,0.995
2015-01-01 01:00:00,-999,76.256,-999,266.050,0.000,25.998,1.204
2015-01-01 02:00:00,-999,76.162,-999,265.916,0.000,26.767,1.296
2015-01-01 03:00:00,-999,76.035,-999,266.065,0.000,29.825,1.354
2015-01-01 04:00:00,-999,74.991,-999,266.420,0.000,36.572,1.299
2015-01-01 05:00:00,-999,73.505,-999,266.718,0.000,35.380,1.256
2015-01-01 06:00:00,-999,73.159,-999,266.998,0.000,22.536,1.289
2015-01-01 07:00:00,-999,71.847,-999,267.639,0.000,21.949,1.193
2015-01-01 08:00:00,-999,68.026,19.136,268.736,0.000,32.833,1.164
2015-01-01 09:00:00,-999,63.603,65.157,269.801,0.000,31.832,1.223
2015-01-01 10:00:00,-999,65.578,107.577,269.859,0.000,85.729,1.339
2015-01-01 11:00:00,-999,57.846,147.451,271.405,0.000,47.315,1.013
2015-01-01 12:00:00,-999,57.566,175.722,271.575,0.000,6.184,1.745
2015-01-01 13:00:00,-999,59.223,171.771,271.517,0.000,8.858,1.571
2015-01-01 14:00:00,-999,57.550,133.429,272.115,0.000,22.806,1.180
2015-01-01 15:00:00,-999,55.194,73.324,272.792,0.000,22.621,0.760
2015-01-01 16:00:00,578.501,52.723,10.383,273.397,0.000,10.354,0.652
2015-01-01 17:00:00,529.446,52.143,-999,273.639,0.000,6.074,1.340
2015-01-01 18:00:00,554.094,53.620,-999,273.505,0.000,3.966,1.917
2015-01-01 19:00:00,511.253,53.594,-999,273.799,0.000,15.489,1.177
2015-01-01 20:00:00,467.752,50.506,-999,274.464,0.000,6.135,0.868
2015-01-01 21:00:00,446.299,46.454,-999,275.050,0.000,15.718,0.439
2015-01-01 22:00:00,554.909,57.773,-999,273.523,0.000,182.503,0.185
2015-01-01 23:00:00,487.594,53.564,-999,274.079,0.000,333.831,0.415
2015-01-02 00:00:00,486.702,52.444,-999,274.102,0.000,326.069,0.582
2015-01-02 01:00:00,468.327,50.844,-999,274.265,0.000,300.969,0.680
2015-01-02 02:00:00,467.505,49.980,-999,274.278,0.000,312.263,1.306
2015-01-02 03:00:00,489.241,50.400,-999,274.060,0.000,318.595,1.390
2015-01-02 04:00:00,492.095,50.563,-999,273.918,0.000,308.666,1.160
2015-01-02 05:00:00,489.148,50.330,-999,273.865,0.000,306.774,1.429
2015-01-02 06:00:00,461.722,48.475,-999,274.129,0.000,300.967,1.013
2015-01-02 07:00:00,456.910,45.987,-999,274.445,0.000,309.525,0.890
2015-01-02 08:00:00,469.965,46.055,18.996,274.291,0.000,326.072,1.933
2015-01-02 09:00:00,482.866,48.978,60.834,273.955,0.000,328.430,1.946
2015-01-02 10:00:00,-999,55.503,103.510,273.002,0.000,323.439,1.846
2015-01-02 11:00:00,542.886,53.509,146.769,273.445,0.000,324.740,1.854
2015-01-02 12:00:00,631.438,54.745,176.599,273.255,0.000,329.838,1.783
2015-01-02 13:00:00,-999,54.674,171.670,273.002,0.000,336.203,2.256
2015-01-02 14:00:00,-999,50.863,128.746,272.849,0.000,332.606,1.678
2015-01-02 15:00:00,-999,52.439,62.474,272.674,0.000,317.515,1.667
2015-01-02 16:00:00,-999,61.931,6.923,272.045,0.000,309.720,1.544
2015-01-02 17:00:00,-999,71.350,-999,271.483,0.000,315.137,1.549
2015-01-02 18:00:00,-999,79.381,-999,271.193,0.000,315.912,1.472
2015-01-02 19:00:00,-999,88.530,-999,270.816,0.000,324.710,1.993
2015-01-02 20:00:00,-999,91.821,-999,270.560,0.000,321.940,2.284
2015-01-02 21:00:00,-999,91.762,-999,270.657,0.000,322.534,2.365
2015-01-02 22:00:00,-999,92.038,-999,270.892,0.000,317.975,2.264
2015-01-02 23:00:00,-999,92.205,-999,270.568,0.000,318.764,1.784
2015-01-03 00:00:00,-999,94.763,-999,269.894,0.000,324.942,1.364
2015-01-03 01:00:00,-999,92.289,-999,269.646,0.000,323.064,1.449
2015-01-03 02:00:00,-999,87.774,-999,269.651,0.000,314.984,1.383
2015-01-03 03:00:00,-999,83.139,-999,269.743,0.000,307.963,1.124
2015-01-03 04:00:00,-999,78.711,-999,269.851,0.000,306.978,1.383
2015-01-03 05:00:00,-999,75.175,-999,269.838,0.000,315.554,1.743
2015-01-03 06:00:00,-999,67.968,-999,269.883,0.000,304.588,0.873
2015-01-03 07:00:00,-999,59.889,-999,270.078,0.000,270.223,0.667
2015-01-03 08:00:00,-999,54.680,19.150,270.088,0.000,280.285,1.215
2015-01-03 09:00:00,-999,50.879,67.167,270.171,0.000,279.900,0.711
2015-01-03 10:00:00,-999,48.482,113.721,270.102,0.000,289.817,0.786
2015-01-03 11:00:00,-999,42.967,148.430,270.617,0.000,260.058,0.839
2015-01-03 12:00:00,-999,37.687,176.786,271.881,0.000,239.527,1.188
2015-01-03 13:00:00,-999,37.358,133.291,272.917,0.000,256.694,1.477
2015-01-03 14:00:00,-999,44.231,100.834,272.609,0.000,233.877,1.696
2015-01-03 15:00:00,-999,48.748,62.657,272.407,0.000,230.515,1.946
2015-01-03 16:00:00,-999,60.876,7.984,271.840,0.000,257.462,1.937
2015-01-03 17:00:00,-999,76.854,-999,271.283,0.001,271.611,2.022
2015-01-03 18:00:00,-999,84.462,-999,271.335,0.002,282.254,2.119
2015-01-03 19:00:00,-999,85.693,-999,271.552,0.000,282.923,2.546
2015-01-03 20:00:00,-999,84.140,-999,271.825,0.000,281.713,2.763
2015-01-03 21:00:00,-999,88.311,-999,271.451,0.000,280.036,2.684
2015-01-03 22:00:00,-999,91.887,-999,271.242,0.001,291.659,3.602
2015-01-03 23:00:00,-999,94.604,-999,270.560,0.002,292.499,4.779
2015-01-04 00:00:00,-999,95.168,-999,270.004,0.003,292.632,5.015
2015-01-04 01:00:00,-999,91.141,-999,269.838,0.002,301.983,5.216
2015-01-04 02:00:00,-999,94.852,-999,269.223,0.003,309.403,5.611
2015-01-04 03:00:00,-999,97.506,-999,268.580,0.004,319.805,5.356
2015-01-04 04:00:00,-999,97.156,-999,267.733,0.002,332.202,4.599
2015-01-04 05:00:00,-999,94.806,-999,267.026,0.001,345.279,3.543
2015-01-04 06:00:00,-999,94.802,-999,266.156,0.001,345.279,3.309
2015-01-04 07:00:00,-999,96.148,-999,265.267,0.000,340.816,2.229
2015-01-04 08:00:00,-999,97.794,18.177,264.407,0.000,334.648,1.738
2015-01-04 09:00:00,-999,96.502,68.788,263.812,0.000,323.499,1.825
2015-01-04 10:00:00,-999,67.923,105.629,264.722,0.000,312.032,2.267
2015-01-04 11:00:00,-999,65.394,153.394,264.288,0.000,313.654,2.245
2015-01-04 12:00:00,-999,67.045,179.289,263.790,0.000,322.243,3.437
2015-01-04 13:00:00,-999,70.509,175.639,263.183,0.000,326.897,3.321
2015-01-04 14:00:00,-999,76.689,135.723,262.591,0.000,330.136,3.214
2015-01-04 15:00:00,-999,86.162,76.416,261.989,0.000,335.389,2.406
2015-01-04 16:00:00,-999,93.307,13.415,261.379,0.000,334.714,2.662
2015-01-04 17:00:00,-999,97.721,-999,260.901,0.000,332.662,2.597
2015-01-04 18:00:00,-999,100.182,-999,260.451,0.000,332.172,2.584
2015-01-04 19:00:00,-999,102.466,-999,260.034,0.000,329.532,2.488
2015-01-04 20:00:00,-999,101.987,-999,259.849,0.000,324.990,2.008
2015-01-04 21:00:00,-999,99.622,-999,259.757,0.000,323.851,1.998
2015-01-04 22:00:00,-999,90.059,-999,260.951,0.000,331.016,2.804
2015-01-04 23:00:00,-999,96.226,-999,260.455,0.000,329.531,2.399
2015-01-05 00:00:00,-999,96.811,-999,260.340,0.000,325.410,1.966
2015-01-05 01:00:00,-999,92.715,-999,260.358,0.000,313.365,1.930
2015-01-05 02:00:00,-999,89.591,-999,260.403,0.000,316.653,1.728
2015-01-05 03:00:00,-999,80.113,-999,260.717,0.000,320.975,1.453
2015-01-05 04:00:00,-999,69.657,-999,261.204,0.000,320.788,1.327
2015-01-05 05:00:00,-999,61.583,-999,261.691,0.000,323.677,1.219
2015-01-05 06:00:00,-999,56.612,-999,262.059,0.000,328.524,1.217
2015-01-05 07:00:00,-999,53.875,-999,262.343,0.000,335.010,1.419
2015-01-05 08:00:00,-999,52.248,19.248,262.570,0.000,337.736,1.684
2015-01-05 09:00:00,-999,49.309,61.076,263.001,0.000,336.345,1.700
2015-01-05 10:00:00,-999,41.021,101.676,264.572,0.000,333.075,2.847
2015-01-05 11:00:00,-999,37.456,147.563,265.480,0.000,329.716,1.801
2015-01-05 12:00:00,-999,35.863,180.572,266.056,0.000,334.196,1.799
2015-01-05 13:00:00,-999,36.459,178.515,266.272,0.000,338.861,1.699
2015-01-05 14:00:00,-999,38.217,140.019,266.311,0.000,338.048,1.726
2015-01-05 15:00:00,-999,40.026,78.849,266.314,0.000,341.996,2.040
2015-01-05 16:00:00,-999,41.999,14.908,266.336,0.000,342.165,2.577
2015-01-05 17:00:00,-999,43.836,-999,266.479,0.000,340.650,2.463
2015-01-05 18:00:00,-999,45.026,-999,266.629,0.000,344.832,2.466
2015-01-05 19:00:00,-999,45.349,-999,266.729,0.000,347.546,2.547
2015-01-05 20:00:00,-999,45.369,-999,266.864,0.000,346.142,2.526
2015-01-05 21:00:00,-999,44.904,-999,266.919,0.000,345.342,2.584
2015-01-05 22:00:00,-999,48.287,-999,266.831,0.000,348.606,2.334
2015-01-05 23:00:00,-999,46.595,-999,267.296,0.000,349.984,2.457
2015-01-06 00:00:00,-999,45.877,-999,267.576,0.000,345.522,2.213
2015-01-06 01:00:00,-999,45.225,-999,268.068,0.000,344.926,2.245
2015-01-06 02:00:00,-999,45.099,-999,268.305,0.000,347.997,2.117
2015-01-06 03:00:00,-999,44.645,-999,268.985,0.000,347.479,1.912
2015-01-06 04:00:00,-999,43.714,-999,269.211,0.000,346.709,1.850
2015-01-06 05:00:00,-999,42.645,-999,269.395,0.000,349.538,1.822
2015-01-06 06:00:00,-999,41.508,-999,269.576,0.000,352.542,1.682
2015-01-06 07:00:00,-999,40.037,-999,269.782,0.000,352.663,1.506
2015-01-06 08:00:00,-999,38.095,18.667,270.012,0.000,351.957,1.183
2015-01-06 09:00:00,-999,35.906,52.193,270.289,0.000,340.561,0.972
2015-01-06 10:00:00,-999,36.259,97.118,270.202,0.000,316.678,0.610
2015-01-06 11:00:00,-999,31.161,148.412,271.184,0.000,329.708,0.892
2015-01-06 12:00:00,-999,29.083,181.805,271.624,0.000,337.157,1.091
2015-01-06 13:00:00,-999,28.652,180.176,271.878,0.000,343.990,1.277
2015-01-06 14:00:00,-999,28.590,141.704,272.059,0.000,341.016,1.556
2015-01-06 15:00:00,-999,29.449,80.227,272.115,0.000,340.057,1.579
2015-01-06 16:00:00,-999,30.702,15.803,272.141,0.000,344.344,1.457
2015-01-06 17:00:00,-999,31.361,-999,272.158,0.000,348.319,1.492
2015-01-06 18:00:00,-999,31.204,-999,272.141,0.000,348.737,1.376
2015-01-06 19:00:00,-999,31.100,-999,272.059,0.000,343.470,1.473
2015-01-06 20:00:00,-999,31.244,-999,271.865,0.000,342.066,1.541
2015-01-06 21:00:00,-999,31.166,-999,271.488,0.000,345.620,1.426
2015-01-06 22:00:00,-999,35.017,-999,270.249,0.000,359.487,1.104
2015-01-06 23:00:00,-999,32.125,-999,270.553,0.000,354.612,1.494
2015-01-07 00:00:00,-999,30.910,-999,270.751,0.000,354.864,1.385
2015-01-07 01:00:00,-999,30.740,-999,270.508,0.000,346.817,1.445
2015-01-07 02:00:00,-999,31.757,-999,269.915,0.000,343.492,1.798
2015-01-07 03:00:00,-999,34.260,-999,269.468,0.000,341.680,1.994
2015-01-07 04:00:00,-999,37.342,-999,269.071,0.000,343.795,1.791
2015-01-07 05:00:00,-999,39.612,-999,268.643,0.000,345.581,1.670
2015-01-07 06:00:00,-999,40.970,-999,268.151,0.000,351.078,1.578
2015-01-07 07:00:00,-999,41.329,-999,267.616,0.000,348.709,1.598
2015-01-07 08:00:00,-999,42.149,18.851,267.228,0.000,346.568,1.786
2015-01-07 09:00:00,-999,43.098,51.512,267.319,0.000,347.320,1.818
2015-01-07 10:00:00,-999,42.504,98.318,267.555,0.000,349.365,1.529
2015-01-07 11:00:00,-999,40.455,150.467,268.305,0.000,352.656,1.432
2015-01-07 12:00:00,-999,41.782,183.276,268.429,0.000,341.189,1.267
2015-01-07 13:00:00,-999,44.174,181.563,268.347,0.000,324.002,1.177
2015-01-07 14:00:00,-999,45.911,143.604,268.273,0.000,319.651,1.087
2015-01-07 15:00:00,-999,46.176,81.794,268.292,0.000,322.172,0.921
2015-01-07 16:00:00,-999,45.829,16.683,268.306,0.000,325.997,1.067
2015-01-07 17:00:00,-999,46.648,-999,268.087,0.000,337.410,1.431
2015-01-07 18:00:00,-999,48.420,-999,267.705,0.000,343.952,1.280
2015-01-07 19:00:00,-999,48.226,-999,267.682,0.000,336.378,0.637
2015-01-07 20:00:00,-999,47.108,-999,267.728,0.000,317.017,0.716
2015-01-07 21:00:00,-999,46.196,-999,267.844,0.000,310.042,0.864
2015-01-07 22:00:00,-999,43.268,-999,267.916,0.000,310.613,0.798
2015-01-07 23:00:00,-999,38.302,-999,268.508,0.000,315.228,0.727
2015-01-08 00:00:00,-999,36.162,-999,268.698,0.000,308.515,0.846
2015-01-08 01:00:00,-999,34.098,-999,268.952,0.000,288.111,0.651
2015-01-08 02:00:00,-999,31.938,-999,269.201,0.000,284.007,0.695
2015-01-08 03:00:00,-999,30.699,-999,269.358,0.000,295.862,0.960
2015-01-08 04:00:00,-999,31.369,-999,269.354,0.000,300.068,1.093
2015-01-08 05:00:00,-999,32.919,-999,269.300,0.000,306.546,1.258
2015-01-08 06:00:00,-999,34.806,-999,269.208,0.000,316.227,1.303
2015-01-08 07:00:00,-999,35.541,-999,269.328,0.000,317.536,1.079
2015-01-08 08:00:00,-999,34.527,19.836,269.748,0.000,297.125,0.759
2015-01-08 09:00:00,-999,33.012,57.979,270.296,0.000,272.692,0.658
2015-01-08 10:00:00,-999,33.296,106.644,270.000,0.000,285.899,0.420
2015-01-08 11:00:00,-999,30.165,152.146,271.263,0.000,235.241,0.861
2015-01-08 12:00:00,-999,28.951,184.438,271.760,0.000,243.013,1.008
2015-01-08 13:00:00,-999,28.358,182.160,271.971,0.000,252.131,1.158
2015-01-08 14:00:00,-999,27.761,144.575,272.047,0.000,271.980,1.226
2015-01-08 15:00:00,-999,27.686,83.454,271.843,0.000,281.531,1.290
2015-01-08 16:00:00,-999,27.809,17.618,271.585,0.000,275.328,1.126
2015-01-08 17:00:00,-999,27.681,-999,271.479,0.000,268.115,1.185
2015-01-08 18:00:00,-999,27.545,-999,271.347,0.000,282.828,1.758
2015-01-08 19:00:00,-999,27.636,-999,271.244,0.000,296.262,1.891
2015-01-08 20:00:00,-999,31.706,-999,270.872,0.000,317.903,2.243
2015-01-08 21:00:00,-999,44.444,-999,269.821,0.000,325.429,1.785
2015-01-08 22:00:00,-999,56.213,-999,269.738,0.000,341.479,2.278
2015-01-08 23:00:00,-999,72.886,-999,269.380,0.000,328.210,2.862
2015-01-09 00:00:00,-999,82.136,-999,268.727,0.000,327.790,2.907
2015-01-09 01:00:00,-999,85.979,-999,268.500,0.000,333.912,2.752
2015-01-09 02:00:00,-999,93.333,-999,268.054,0.000,332.271,2.385
2015-01-09 03:00:00,-999,95.610,-999,267.750,0.000,327.978,1.960
2015-01-09 04:00:00,-999,94.643,-999,267.717,0.000,324.901,2.309
2015-01-09 05:00:00,-999,81.665,-999,268.048,0.000,308.474,1.958
2015-01-09 06:00:00,-999,62.304,-999,268.784,0.000,301.171,1.379
2015-01-09 07:00:00,-999,49.073,-999,269.475,0.000,309.623,1.606
2015-01-09 08:00:00,-999,41.203,20.437,269.827,0.000,303.689,1.466
2015-01-09 09:00:00,-999,38.045,67.823,270.098,0.000,281.350,1.295
2015-01-09 10:00:00,-999,32.254,120.157,271.112,0.000,308.284,4.299
2015-01-09 11:00:00,-999,31.383,119.479,271.500,0.000,301.061,2.234
2015-01-09 12:00:00,-999,29.623,183.734,271.891,0.000,270.201,1.997
2015-01-09 13:00:00,-999,35.674,126.779,271.370,0.000,293.393,2.101
2015-01-09 14:00:00,-999,41.789,104.885,270.918,0.000,242.640,2.272
2015-01-09 15:00:00,-999,44.006,49.861,271.359,0.000,275.600,2.034
2015-01-09 16:00:00,-999,53.428,7.955,271.235,0.000,272.986,1.927
2015-01-09 17:00:00,-999,62.236,-999,271.242,0.001,266.992,1.832
2015-01-09 18:00:00,-999,68.749,-999,271.372,0.001,269.362,2.320
2015-01-09 19:00:00,-999,78.959,-999,271.203,0.000,268.604,2.405
2015-01-09 20:00:00,-999,83.898,-999,271.119,0.000,276.963,2.308
2015-01-09 21:00:00,-999,87.549,-999,270.956,0.001,277.919,2.356
2015-01-09 22:00:00,-999,92.002,-999,271.597,0.002,294.943,3.103
2015-01-09 23:00:00,-999,94.920,-999,271.891,0.002,277.344,3.243
2015-01-10 00:00:00,-999,90.982,-999,272.473,0.002,279.308,3.024
2015-01-10 01:00:00,-999,91.416,-999,272.604,0.002,289.266,2.517
2015-01-10 02:00:00,-999,91.340,-999,272.835,0.001,296.412,2.459
2015-01-10 03:00:00,-999,91.445,-999,272.903,0.000,297.843,2.475
2015-01-10 04:00:00,-999,93.263,-999,272.943,0.000,304.486,2.514
2015-01-10 05:00:00,-999,93.564,-999,273.131,0.000,313.185,2.585
2015-01-10 06:00:00,761.914,92.038,-999,273.259,0.000,319.728,2.528
2015-01-10 07:00:00,772.542,91.034,-999,273.243,0.000,323.787,2.349
2015-01-10 08:00:00,702.867,89.552,14.700,273.313,0.000,324.248,1.917
2015-01-10 09:00:00,614.390,87.147,62.222,273.522,0.000,317.829,1.966
2015-01-10 10:00:00,477.837,66.908,120.595,276.266,0.000,322.952,2.569
2015-01-10 11:00:00,458.154,64.201,162.263,276.173,0.000,294.063,1.887
2015-01-10 12:00:00,415.776,59.919,186.104,276.371,0.000,286.708,1.827
2015-01-10 13:00:00,412.100,56.458,182.933,276.559,0.000,285.866,2.058
2015-01-10 14:00:00,404.355,54.960,147.003,276.725,0.000,285.283,2.239
2015-01-10 15:00:00,393.318,53.486,85.947,276.780,0.000,286.169,2.661
2015-01-10 16:00:00,391.303,52.488,19.406,277.012,0.000,285.378,2.923
2015-01-10 17:00:00,400.112,53.200,-999,277.072,0.000,287.750,2.754
2015-01-10 18:00:00,429.013,55.925,-999,276.550,0.000,291.995,2.745
2015-01-10 19:00:00,446.172,59.846,-999,275.998,0.000,283.941,1.774
2015-01-10 20:00:00,446.008,61.836,-999,275.659,0.000,270.689,1.690
2015-01-10 21:00:00,461.260,63.682,-999,275.449,0.000,270.589,2.123
2015-01-10 22:00:00,481.332,65.993,-999,274.950,0.000,297.115,2.155
2015-01-10 23:00:00,507.194,74.646,-999,274.078,0.000,301.682,1.855
2015-01-11 00:00:00,570.645,77.739,-999,273.692,0.000,285.286,1.413
2015-01-11 01:00:00,578.805,78.254,-999,273.626,0.000,255.439,1.523
2015-01-11 02:00:00,582.331,77.228,-999,273.674,0.000,243.314,1.750
2015-01-11 03:00:00,560.855,75.084,-999,273.769,0.000,235.230,1.861
2015-01-11 04:00:00,647.309,78.021,-999,273.378,0.000,235.747,2.254
2015-01-11 05:00:00,-999,81.398,-999,272.961,0.001,242.221,2.208
2015-01-11 06:00:00,-999,84.192,-999,272.402,0.001,263.867,1.926
2015-01-11 07:00:00,-999,90.685,-999,271.400,0.001,298.734,2.093
2015-01-11 08:00:00,-999,95.010,18.863,269.718,0.002,326.410,4.139
2015-01-11 09:00:00,-999,96.624,58.560,267.034,0.002,331.530,5.904
2015-01-11 10:00:00,-999,94.086,95.858,265.212,0.002,332.252,5.865
2015-01-11 11:00:00,-999,91.261,132.239,263.239,0.001,322.722,4.417
2015-01-11 12:00:00,-999,89.480,189.027,262.811,0.000,330.580,3.720
2015-01-11 13:00:00,-999,88.858,186.676,262.367,0.000,334.472,4.279
2015-01-11 14:00:00,-999,92.300,149.015,261.789,0.000,329.872,6.062
2015-01-11 15:00:00,-999,98.035,86.908,261.605,0.000,323.140,6.883
2015-01-11 16:00:00,-999,99.689,19.841,261.683,0.000,324.410,7.279
2015-01-11 17:00:00,-999,99.711,-999,261.691,0.000,325.162,6.863
2015-01-11 18:00:00,-999,99.260,-999,260.978,0.000,322.746,6.701
2015-01-11 19:00:00,-999,101.290,-999,260.435,0.000,322.201,5.451
2015-01-11 20:00:00,-999,99.913,-999,260.250,0.000,320.614,5.143
2015-01-11 21:00:00,-999,99.976,-999,260.225,0.000,316.890,3.335
2015-01-11 22:00:00,-999,98.917,-999,261.214,0.000,313.048,4.279
2015-01-11 23:00:00,-999,98.772,-999,260.971,0.001,303.565,3.507
2015-01-12 00:00:00,-999,101.258,-999,260.871,0.001,297.140,2.816
2015-01-12 01:00:00,-999,99.001,-999,261.127,0.001,291.212,1.970
2015-01-12 02:00:00,-999,96.989,-999,261.531,0.000,295.809,1.569
2015-01-12 03:00:00,-999,92.445,-999,262.054,0.000,298.080,1.350
2015-01-12 04:00:00,-999,86.033,-999,262.490,0.000,292.629,1.069
2015-01-12 05:00:00,-999,73.415,-999,263.370,0.000,280.837,0.892
2015-01-12 06:00:00,-999,58.919,-999,264.518,0.000,285.913,0.916
2015-01-12 07:00:00,-999,48.257,-999,265.531,0.000,288.671,0.959
2015-01-12 08:00:00,-999,42.050,21.135,266.243,0.000,286.808,1.004
2015-01-12 09:00:00,-999,36.247,70.296,267.207,0.000,286.107,1.117
2015-01-12 10:00:00,-999,30.545,111.901,268.795,0.000,299.315,2.016
2015-01-12 11:00:00,-999,24.120,156.720,270.213,0.000,282.074,1.904
2015-01-12 12:00:00,-999,19.440,192.112,271.351,0.000,279.283,1.968
2015-01-12 13:00:00,-999,18.325,191.939,271.804,0.000,295.484,2.287
2015-01-12 14:00:00,-999,17.677,153.894,271.856,0.000,301.790,2.910
2015-01-12 15:00:00,-999,16.018,90.790,271.831,0.000,304.967,2.671
2015-01-12 16:00:00,-999,13.675,22.383,271.867,0.000,307.905,2.314
2015-01-12 17:00:00,-999,11.734,-999,271.936,0.000,307.735,2.082
2015-01-12 18:00:00,-999,9.302,-999,272.097,0.000,293.196,1.800
2015-01-12 19:00:00,-999,6.555,-999,272.496,0.000,264.012,1.463
2015-01-12 20:00:00,-999,5.607,-999,272.557,0.000,232.173,1.440
2015-01-12 21:00:00,-999,4.802,-999,272.793,0.000,211.470,1.641
2015-01-12 22:00:00,-999,8.291,-999,271.401,0.000,192.098,1.999
2015-01-12 23:00:00,-999,9.671,-999,272.174,0.000,193.987,1.942
2015-01-13 00:00:00,-999,10.518,-999,272.599,0.000,196.270,2.173
2015-01-13 01:00:00,-999,11.343,-999,272.936,0.000,196.298,2.339
2015-01-13 02:00:00,-999,12.525,-999,273.051,0.000,196.602,2.317
2015-01-13 03:00:00,-999,14.030,-999,273.039,0.000,196.245,2.307
2015-01-13 04:00:00,-999,15.998,-999,272.749,0.000,193.241,2.316
2015-01-13 05:00:00,-999,18.030,-999,272.516,0.000,189.713,2.411
2015-01-13 06:00:00,-999,20.523,-999,272.348,0.000,188.162,2.520
2015-01-13 07:00:00,-999,23.759,-999,272.047,0.000,187.371,2.666
2015-01-13 08:00:00,-999,27.213,19.968,271.745,0.000,186.100,2.757
2015-01-13 09:00:00,-999,30.739,51.099,271.376,0.000,185.002,2.999
2015-01-13 10:00:00,-999,29.180,100.222,271.876,0.000,187.199,2.786
2015-01-13 11:00:00,-999,34.511,156.787,271.655,0.000,185.443,2.921
2015-01-13 12:00:00,-999,37.497,194.193,271.284,0.000,180.966,3.048
2015-01-13 13:00:00,-999,40.811,195.450,270.753,0.000,187.741,3.135
2015-01-13 14:00:00,-999,45.484,156.740,270.088,0.000,189.266,3.132
2015-01-13 15:00:00,-999,47.922,92.823,269.635,0.000,189.358,3.121
2015-01-13 16:00:00,-999,47.741,23.672,269.455,0.000,188.984,3.115
2015-01-13 17:00:00,-999,50.524,-999,269.410,0.000,187.400,3.020
2015-01-13 18:00:00,-999,54.862,-999,269.128,0.000,186.021,3.001
2015-01-13 19:00:00,-999,58.931,-999,268.791,0.000,187.397,2.958
2015-01-13 20:00:00,-999,62.990,-999,268.299,0.000,186.946,2.979
2015-01-13 21:00:00,-999,66.442,-999,267.998,0.000,185.944,2.996
2015-01-13 22:00:00,-999,67.910,-999,268.677,0.000,188.061,2.775
2015-01-13 23:00:00,-999,70.882,-999,268.062,0.000,184.974,2.873
2015-01-14 00:00:00,-999,74.490,-999,267.511,0.000,191.005,2.872
2015-01-14 01:00:00,-999,78.166,-999,266.949,0.000,187.752,2.998
2015-01-14 02:00:00,-999,80.232,-999,266.838,0.000,188.356,2.831
2015-01-14 03:00:00,-999,79.763,-999,267.013,0.000,191.147,2.564
2015-01-14 04:00:00,-999,79.387,-999,267.121,0.000,192.736,2.388
2015-01-14 05:00:00,-999,78.917,-999,267.166,0.000,189.447,2.472
2015-01-14 06:00:00,-999,77.025,-999,267.217,0.000,185.084,2.460
2015-01-14 07:00:00,-999,76.961,-999,267.180,0.000,186.751,2.763
2015-01-14 08:00:00,-999,76.992,19.736,267.179,0.000,193.082,2.671
2015-01-14 09:00:00,-999,77.019,71.012,267.142,0.000,195.716,2.506
2015-01-14 10:00:00,-999,76.336,126.477,267.257,0.000,195.527,2.959
2015-01-14 11:00:00,-999,81.009,168.113,267.191,0.000,207.375,2.090
2015-01-14 12:00:00,-999,86.478,193.529,267.029,0.000,201.045,2.059
2015-01-14 13:00:00,-999,94.053,181.796,266.633,0.000,213.097,2.007
2015-01-14 14:00:00,-999,95.517,124.815,266.490,0.000,233.865,1.738
2015-01-14 15:00:00,-999,93.668,60.707,266.421,0.001,247.595,2.472
2015-01-14 16:00:00,-999,94.351,21.696,266.064,0.001,241.544,1.837
2015-01-14 17:00:00,-999,93.569,-999,265.696,0.000,254.200,1.750
2015-01-14 18:00:00,-999,89.149,-999,265.702,0.000,259.521,1.870
2015-01-14 19:00:00,-999,83.809,-999,265.987,0.000,262.243,1.818
2015-01-14 20:00:00,-999,77.338,-999,266.337,0.000,270.637,1.533
2015-01-14 21:00:00,-999,72.448,-999,266.537,0.000,306.737,0.831
2015-01-14 22:00:00,-999,64.983,-999,266.640,0.000,16.159,0.469
2015-01-14 23:00:00,-999,51.474,-999,267.595,0.000,150.727,0.394
2015-01-15 00:00:00,-999,40.698,-999,268.412,0.000,182.548,1.582
2015-01-15 01:00:00,-999,35.635,-999,268.837,0.000,185.384,2.694
2015-01-15 02:00:00,-999,38.994,-999,268.849,0.000,182.543,2.923
2015-01-15 03:00:00,-999,46.464,-999,268.761,0.000,181.139,3.454
2015-01-15 04:00:00,-999,46.753,-999,268.851,0.000,184.872,3.551
2015-01-15 05:00:00,-999,46.927,-999,268.917,0.000,187.931,3.327
2015-01-15 06:00:00,-999,51.908,-999,268.639,0.000,188.818,3.223
2015-01-15 07:00:00,-999,59.901,-999,268.334,0.000,185.969,3.487
2015-01-15 08:00:00,-999,65.204,23.366,268.021,0.000,182.937,3.792
2015-01-15 09:00:00,-999,68.111,72.483,267.750,0.000,180.886,3.792
2015-01-15 10:00:00,-999,62.636,120.323,268.286,0.000,177.569,3.575
2015-01-15 11:00:00,-999,61.737,167.715,268.697,0.000,185.775,3.359
2015-01-15 12:00:00,-999,69.519,196.525,268.527,0.000,187.817,3.361
2015-01-15 13:00:00,-999,79.540,192.148,268.187,0.000,185.633,3.384
2015-01-15 14:00:00,-999,83.708,157.413,267.984,0.000,184.785,3.427
2015-01-15 15:00:00,-999,82.387,95.075,267.911,0.000,183.987,3.317
2015-01-15 16:00:00,-999,78.411,25.012,268.326,0.000,184.229,3.236
2015-01-15 17:00:00,-999,76.420,-999,268.734,0.000,183.320,3.558
2015-01-15 18:00:00,-999,76.526,-999,268.766,0.000,181.547,3.409
2015-01-15 19:00:00,-999,78.072,-999,268.533,0.000,182.161,3.573
2015-01-15 20:00:00,-999,79.955,-999,268.240,0.000,183.673,3.518
2015-01-15 21:00:00,-999,81.153,-999,268.105,0.000,182.933,3.421
2015-01-15 22:00:00,-999,82.995,-999,268.352,0.000,182.908,3.975
2015-01-15 23:00:00,-999,84.759,-999,268.076,0.000,181.282,4.026
2015-01-16 00:00:00,-999,85.850,-999,268.281,0.000,177.540,4.279
2015-01-16 01:00:00,-999,86.154,-999,268.724,0.000,174.867,4.167
2015-01-16 02:00:00,-999,86.412,-999,269.073,0.000,172.565,3.999
2015-01-16 03:00:00,-999,86.176,-999,269.288,0.000,169.123,4.203
2015-01-16 04:00:00,-999,87.291,-999,269.362,0.000,169.805,4.192
2015-01-16 05:00:00,-999,86.332,-999,269.399,0.000,171.612,4.247
2015-01-16 06:00:00,-999,87.155,-999,269.360,0.000,170.197,4.041
2015-01-16 07:00:00,-999,86.568,-999,269.370,0.000,166.876,3.969
2015-01-16 08:00:00,-999,87.045,16.887,269.352,0.000,164.958,4.341
2015-01-16 09:00:00,-999,86.954,66.093,269.187,0.000,165.889,4.476
2015-01-16 10:00:00,-999,88.051,123.062,269.276,0.000,167.829,5.665
2015-01-16 11:00:00,-999,85.969,170.891,269.117,0.000,168.636,5.205
2015-01-16 12:00:00,-999,86.466,201.072,269.585,0.000,165.587,6.272
2015-01-16 13:00:00,-999,86.832,186.591,269.859,0.000,168.404,6.879
2015-01-16 14:00:00,-999,85.172,155.358,270.119,0.000,167.462,5.921
2015-01-16 15:00:00,-999,85.995,88.498,270.433,0.000,164.312,5.791
2015-01-16 16:00:00,-999,86.305,21.369,270.602,0.001,162.016,5.869
2015-01-16 17:00:00,-999,87.167,-999,270.660,0.001,162.004,5.791
2015-01-16 18:00:00,-999,87.330,-999,270.636,0.001,162.391,5.602
2015-01-16 19:00:00,-999,88.216,-999,270.540,0.002,160.279,5.390
2015-01-16 20:00:00,-999,89.772,-999,270.306,0.001,158.655,5.348
2015-01-16 21:00:00,-999,88.775,-999,270.086,0.002,157.512,5.069
2015-01-16 22:00:00,-999,90.340,-999,269.387,0.002,155.780,4.843
2015-01-16 23:00:00,-999,91.613,-999,269.139,0.002,156.926,4.299
2015-01-17 00:00:00,-999,91.729,-999,269.054,0.002,155.715,3.959
2015-01-17 01:00:00,-999,93.192,-999,268.856,0.002,161.028,3.184
2015-01-17 02:00:00,-999,95.291,-999,268.527,0.002,170.436,2.197
2015-01-17 03:00:00,-999,96.156,-999,268.140,0.002,182.230,1.313
2015-01-17 04:00:00,-999,96.783,-999,267.658,0.003,206.044,0.872
2015-01-17 05:00:00,-999,98.672,-999,267.139,0.003,272.175,0.585
2015-01-17 06:00:00,-999,95.884,-999,266.734,0.002,305.157,0.807
2015-01-17 07:00:00,-999,94.848,-999,266.435,0.002,358.129,0.635
2015-01-17 08:00:00,-999,94.118,13.002,266.336,0.001,88.259,1.100
2015-01-17 09:00:00,-999,95.046,54.331,266.259,0.001,84.994,0.761
2015-01-17 10:00:00,-999,96.493,122.730,265.781,0.001,109.528,1.109
2015-01-17 11:00:00,-999,97.912,135.925,265.765,0.001,229.720,0.773
2015-01-17 12:00:00,-999,97.707,153.316,265.785,0.001,225.866,0.926
2015-01-17 13:00:00,-999,96.372,166.003,265.815,0.001,232.871,0.754
2015-01-17 14:00:00,-999,93.678,107.230,265.694,0.001,251.599,0.676
2015-01-17 15:00:00,-999,95.045,70.684,265.348,0.001,292.340,0.517
2015-01-17 16:00:00,-999,97.278,18.599,264.792,0.001,329.522,1.031
2015-01-17 17:00:00,-999,97.997,-999,264.323,0.001,331.105,1.365
2015-01-17 18:00:00,-999,96.924,-999,263.936,0.001,336.566,1.881
2015-01-17 19:00:00,-999,95.381,-999,263.626,0.001,344.812,2.306
2015-01-17 20:00:00,-999,100.225,-999,263.297,0.001,351.227,2.404
2015-01-17 21:00:00,-999,99.639,-999,263.058,0.001,359.622,2.524
2015-01-17 22:00:00,-999,99.841,-999,263.043,0.000,10.495,1.857
2015-01-17 23:00:00,-999,100.057,-999,262.975,0.000,14.604,1.993
2015-01-18 00:00:00,-999,98.438,-999,262.915,0.000,17.269,1.939
2015-01-18 01:00:00,-999,96.910,-999,262.919,0.001,14.412,1.609
2015-01-18 02:00:00,-999,96.546,-999,262.836,0.001,17.156,1.474
2015-01-18 03:00:00,-999,96.734,-999,262.694,0.000,12.391,1.449
2015-01-18 04:00:00,-999,96.488,-999,262.539,0.000,13.985,1.157
2015-01-18 05:00:00,-999,96.037,-999,262.450,0.000,32.408,0.839
2015-01-18 06:00:00,-999,96.185,-999,262.349,0.000,99.325,0.600
2015-01-18 07:00:00,-999,94.663,-999,262.452,0.000,141.958,1.248
2015-01-18 08:00:00,-999,91.845,25.328,262.807,0.000,158.421,1.632
2015-01-18 09:00:00,-999,90.001,70.510,263.154,0.000,167.968,1.756
2015-01-18 10:00:00,-999,93.741,123.201,262.218,0.000,167.184,3.115
2015-01-18 11:00:00,-999,93.725,184.537,262.728,0.000,166.815,2.804
2015-01-18 12:00:00,-999,91.625,225.303,263.419,0.000,170.408,2.729
2015-01-18 13:00:00,-999,89.469,227.224,263.903,0.000,175.321,1.896
2015-01-18 14:00:00,-999,88.596,186.288,264.051,0.000,176.085,1.585
2015-01-18 15:00:00,-999,89.428,115.227,264.003,0.000,172.206,1.956
2015-01-18 16:00:00,-999,91.326,34.125,263.854,0.000,171.927,1.902
2015-01-18 17:00:00,-999,91.303,-999,263.718,0.000,173.947,1.842
2015-01-18 18:00:00,-999,89.309,-999,263.602,0.000,174.185,1.907
2015-01-18 19:00:00,-999,87.050,-999,263.469,0.000,174.321,1.925
2015-01-18 20:00:00,-999,83.214,-999,263.338,0.000,173.748,1.989
2015-01-18 21:00:00,-999,78.480,-999,263.192,0.000,172.809,1.994
2015-01-18 22:00:00,-999,68.829,-999,262.542,0.000,166.456,1.932
2015-01-18 23:00:00,-999,60.260,-999,262.624,0.000,169.966,2.132
2015-01-19 00:00:00,-999,50.949,-999,262.902,0.000,176.958,2.656
2015-01-19 01:00:00,-999,46.326,-999,263.110,0.000,181.015,2.651
2015-01-19 02:00:00,-999,45.759,-999,263.274,0.000,183.549,2.771
2015-01-19 03:00:00,-999,45.964,-999,263.305,0.000,187.179,2.566
2015-01-19 04:00:00,-999,45.190,-999,263.268,0.000,188.164,2.492
2015-01-19 05:00:00,-999,42.415,-999,263.252,0.000,188.045,2.252
2015-01-19 06:00:00,-999,38.476,-999,263.325,0.000,188.862,2.330
2015-01-19 07:00:00,-999,35.339,-999,263.414,0.000,191.874,2.304
2015-01-19 08:00:00,-999,32.850,26.170,263.598,0.000,191.227,2.213
2015-01-19 09:00:00,-999,32.181,74.898,263.767,0.000,191.258,2.165
2015-01-19 10:00:00,-999,54.004,112.588,263.296,0.000,188.392,2.385
2015-01-19 11:00:00,-999,54.687,155.192,263.722,0.000,185.493,1.743
2015-01-19 12:00:00,-999,55.809,180.153,264.008,0.000,182.441,2.109
2015-01-19 13:00:00,-999,56.612,177.202,264.226,0.000,176.450,1.922
2015-01-19 14:00:00,-999,57.665,146.569,264.329,0.000,177.507,1.861
2015-01-19 15:00:00,-999,60.545,92.528,264.289,0.000,178.724,1.783
2015-01-19 16:00:00,-999,62.160,30.115,264.345,0.000,176.892,1.876
2015-01-19 17:00:00,-999,64.267,-999,264.406,0.000,175.784,2.047
2015-01-19 18:00:00,-999,68.549,-999,264.418,0.000,178.506,2.123
2015-01-19 19:00:00,-999,74.079,-999,264.369,0.000,178.677,2.236
2015-01-19 20:00:00,-999,79.273,-999,264.298,0.000,176.644,2.399
2015-01-19 21:00:00,-999,84.055,-999,264.190,0.000,176.293,2.498
2015-01-19 22:00:00,-999,89.597,-999,263.433,0.000,171.696,2.508
2015-01-19 23:00:00,-999,87.480,-999,263.605,0.000,175.945,2.497
2015-01-20 00:00:00,-999,87.602,-999,263.833,0.000,177.272,2.487
2015-01-20 01:00:00,-999,87.484,-999,264.211,0.000,175.369,2.553
2015-01-20 02:00:00,-999,89.039,-999,264.397,0.000,177.798,2.670
2015-01-20 03:00:00,-999,89.853,-999,264.396,0.000,178.339,2.568
2015-01-20 04:00:00,-999,90.824,-999,264.383,0.000,177.629,2.455
2015-01-20 05:00:00,-999,90.544,-999,264.353,0.000,172.401,2.112
2015-01-20 06:00:00,-999,90.780,-999,264.278,0.000,171.739,1.886
2015-01-20 07:00:00,-999,91.265,-999,264.120,0.000,171.488,1.836
2015-01-20 08:00:00,-999,91.099,26.296,264.061,0.000,171.213,1.864
2015-01-20 09:00:00,-999,91.158,81.029,264.052,0.000,173.933,1.864
2015-01-20 10:00:00,-999,95.907,119.662,262.558,0.000,173.578,3.546
2015-01-20 11:00:00,-999,91.828,157.351,262.917,0.000,174.122,3.382
2015-01-20 12:00:00,-999,87.950,182.266,263.410,0.000,175.427,2.773
2015-01-20 13:00:00,-999,85.673,178.466,263.796,0.000,179.431,1.722
2015-01-20 14:00:00,-999,85.852,146.718,263.991,0.000,175.749,1.608
2015-01-20 15:00:00,-999,84.202,93.617,264.099,0.000,170.523,1.643
2015-01-20 16:00:00,-999,80.435,31.533,264.254,0.000,166.647,1.417
2015-01-20 17:00:00,-999,76.318,-999,264.407,0.000,166.620,1.204
2015-01-20 18:00:00,-999,72.099,-999,264.652,0.000,169.331,1.151
2015-01-20 19:00:00,-999,69.011,-999,264.906,0.000,171.802,1.320
2015-01-20 20:00:00,-999,67.937,-999,265.077,0.000,174.945,1.396
2015-01-20 21:00:00,-999,67.509,-999,265.203,0.000,177.284,2.269
2015-01-20 22:00:00,-999,76.423,-999,264.485,0.000,175.471,2.369
2015-01-20 23:00:00,-999,74.007,-999,264.729,0.000,171.291,2.310
2015-01-21 00:00:00,-999,69.416,-999,265.200,0.000,169.018,1.960
2015-01-21 01:00:00,-999,65.309,-999,265.605,0.000,169.477,2.318
2015-01-21 02:00:00,-999,64.300,-999,265.801,0.000,170.766,2.373
2015-01-21 03:00:00,-999,64.955,-999,265.794,0.000,170.702,2.462
2015-01-21 04:00:00,-999,65.195,-999,265.779,0.000,167.691,2.715
2015-01-21 05:00:00,-999,63.765,-999,265.900,0.000,164.373,2.935
2015-01-21 06:00:00,-999,61.609,-999,266.074,0.000,163.189,2.699
2015-01-21 07:00:00,-999,60.458,-999,266.232,0.000,161.402,2.919
2015-01-21 08:00:00,-999,62.325,27.815,266.294,0.000,161.751,3.605
2015-01-21 09:00:00,-999,64.759,71.155,266.343,0.000,161.475,3.799
2015-01-21 10:00:00,-999,84.014,111.998,264.635,0.000,153.572,4.125
2015-01-21 11:00:00,-999,84.925,156.744,265.809,0.000,153.454,2.752
2015-01-21 12:00:00,-999,83.364,185.868,266.852,0.000,155.391,2.663
2015-01-21 13:00:00,-999,83.305,180.396,267.360,0.000,155.771,2.732
2015-01-21 14:00:00,-999,84.526,148.291,267.557,0.000,153.225,2.536
2015-01-21 15:00:00,-999,84.825,94.957,267.629,0.000,151.797,2.535
2015-01-21 16:00:00,-999,85.532,32.698,267.448,0.000,152.675,2.574
2015-01-21 17:00:00,-999,85.358,-999,267.218,0.000,153.659,2.624
2015-01-21 18:00:00,-999,84.685,-999,267.110,0.000,153.910,2.625
2015-01-21 19:00:00,-999,83.766,-999,267.068,0.000,156.182,2.679
2015-01-21 20:00:00,-999,82.594,-999,266.987,0.000,158.072,2.695
2015-01-21 21:00:00,-999,83.119,-999,266.805,0.000,158.383,2.723
2015-01-21 22:00:00,-999,89.522,-999,264.817,0.000,156.621,3.005
2015-01-21 23:00:00,-999,82.219,-999,265.699,0.000,155.736,2.905
2015-01-22 00:00:00,-999,78.838,-999,266.678,0.000,153.993,2.587
2015-01-22 01:00:00,-999,79.409,-999,267.082,0.000,152.033,2.417
2015-01-22 02:00:00,-999,80.832,-999,267.185,0.000,150.909,2.371
2015-01-22 03:00:00,-999,82.537,-999,267.008,0.000,149.804,2.362
2015-01-22 04:00:00,-999,83.002,-999,266.851,0.000,149.216,2.296
2015-01-22 05:00:00,-999,84.119,-999,266.696,0.000,152.243,2.263
2015-01-22 06:00:00,-999,84.931,-999,266.615,0.000,156.769,2.234
2015-01-22 07:00:00,-999,84.983,-999,266.584,0.000,156.773,2.159
2015-01-22 08:00:00,-999,84.395,28.204,266.636,0.000,157.462,2.040
2015-01-22 09:00:00,-999,84.029,84.706,266.714,0.000,157.677,1.866
2015-01-22 10:00:00,-999,87.993,145.996,265.983,0.000,151.550,3.095
2015-01-22 11:00:00,-999,83.269,199.083,266.657,0.000,156.681,3.096
2015-01-22 12:00:00,-999,80.734,224.486,267.120,0.000,163.334,1.866
2015-01-22 13:00:00,-999,78.548,224.876,267.376,0.000,169.158,1.328
2015-01-22 14:00:00,-999,78.364,186.122,267.575,0.000,173.751,0.971
2015-01-22 15:00:00,-999,78.354,124.970,267.721,0.000,179.903,0.275
2015-01-22 16:00:00,-999,78.391,41.094,267.568,0.000,12.768,0.777
2015-01-22 17:00:00,-999,79.411,0.034,267.193,0.000,12.595,1.584
2015-01-22 18:00:00,-999,81.937,-999,266.703,0.000,13.689,1.367
2015-01-22 19:00:00,-999,85.845,-999,266.232,0.000,16.146,1.579
2015-01-22 20:00:00,-999,88.499,-999,265.921,0.000,19.510,1.663
2015-01-22 21:00:00,-999,90.470,-999,265.771,0.000,21.393,1.426
2015-01-22 22:00:00,-999,93.654,-999,265.091,0.000,35.580,1.670
2015-01-22 23:00:00,-999,91.596,-999,265.261,0.000,34.314,1.284
2015-01-23 00:00:00,-999,90.904,-999,265.287,0.000,13.790,1.501
2015-01-23 01:00:00,-999,94.008,-999,264.972,0.000,5.642,1.714
2015-01-23 02:00:00,-999,97.182,-999,264.607,0.000,5.311,1.618
2015-01-23 03:00:00,-999,100.155,-999,264.193,0.000,7.269,1.721
2015-01-23 04:00:00,-999,100.687,-999,263.893,0.000,9.508,1.842
2015-01-23 05:00:00,-999,100.223,-999,263.625,0.000,11.855,1.801
2015-01-23 06:00:00,-999,99.971,-999,263.576,0.000,11.396,1.821
2015-01-23 07:00:00,-999,98.884,-999,263.473,0.000,8.351,1.906
2015-01-23 08:00:00,-999,98.466,26.105,263.239,0.000,6.501,1.919
2015-01-23 09:00:00,-999,97.745,85.669,263.054,0.000,4.509,2.965
2015-01-23 10:00:00,-999,96.030,143.554,263.957,0.000,353.961,3.192
2015-01-23 11:00:00,-999,99.931,189.826,263.467,0.000,357.875,2.752
2015-01-23 12:00:00,-999,97.862,214.196,263.397,0.000,0.085,2.766
2015-01-23 13:00:00,-999,98.507,229.316,263.148,0.000,3.556,2.701
2015-01-23 14:00:00,-999,99.512,183.700,262.888,0.000,6.300,2.530
2015-01-23 15:00:00,-999,99.613,102.320,262.652,0.000,7.581,1.847
2015-01-23 16:00:00,-999,99.513,28.482,262.278,0.000,5.196,2.143
2015-01-23 17:00:00,-999,96.808,0.069,261.942,0.000,5.459,1.976
2015-01-23 18:00:00,-999,96.652,-999,261.601,0.000,5.469,1.924
2015-01-23 19:00:00,-999,96.709,-999,261.389,0.000,4.184,1.901
2015-01-23 20:00:00,-999,96.866,-999,261.208,0.000,5.524,1.845
2015-01-23 21:00:00,-999,97.512,-999,261.128,0.000,6.160,1.731
2015-01-23 22:00:00,-999,89.762,-999,262.664,0.000,355.646,2.233
2015-01-23 23:00:00,-999,93.942,-999,262.093,0.000,358.376,1.942
2015-01-24 00:00:00,-999,96.977,-999,261.716,0.000,0.135,1.708
2015-01-24 01:00:00,-999,100.302,-999,261.312,0.000,358.533,1.742
2015-01-24 02:00:00,-999,99.114,-999,261.238,0.000,0.299,1.645
2015-01-24 03:00:00,-999,98.194,-999,261.065,0.000,3.198,1.894
2015-01-24 04:00:00,-999,98.480,-999,260.867,0.000,2.472,2.123
2015-01-24 05:00:00,-999,99.330,-999,260.808,0.000,359.901,2.084
2015-01-24 06:00:00,-999,99.244,-999,260.845,0.000,357.886,2.022
2015-01-24 07:00:00,-999,98.085,-999,261.013,0.000,357.057,2.072
2015-01-24 08:00:00,-999,95.320,28.359,261.388,0.000,1.976,2.207
2015-01-24 09:00:00,-999,93.725,86.643,261.668,0.000,1.960,2.231
2015-01-24 10:00:00,-999,95.615,139.792,262.251,0.000,348.799,2.853
2015-01-24 11:00:00,-999,100.198,186.949,262.040,0.000,346.367,1.996
2015-01-24 12:00:00,-999,94.186,244.325,262.611,0.000,346.523,1.874
2015-01-24 13:00:00,-999,91.094,245.564,262.849,0.000,348.571,2.468
2015-01-24 14:00:00,-999,96.247,204.808,262.662,0.000,350.443,1.845
2015-01-24 15:00:00,-999,98.898,130.668,262.245,0.000,349.517,2.366
2015-01-24 16:00:00,-999,99.848,45.800,261.691,0.000,347.361,2.599
2015-01-24 17:00:00,-999,99.758,0.211,261.074,0.000,348.798,2.558
2015-01-24 18:00:00,-999,100.049,-999,260.285,0.000,351.567,2.811
2015-01-24 19:00:00,-999,99.935,-999,259.707,0.000,352.039,2.536
2015-01-24 20:00:00,-999,100.054,-999,259.278,0.000,350.329,2.546
2015-01-24 21:00:00,-999,101.728,-999,259.026,0.000,346.315,2.408
2015-01-24 22:00:00,-999,92.975,-999,260.796,0.000,346.745,2.960
2015-01-24 23:00:00,-999,96.950,-999,260.103,0.000,350.816,2.647
2015-01-25 00:00:00,-999,100.943,-999,259.530,0.000,353.391,2.539
2015-01-25 01:00:00,-999,98.513,-999,259.319,0.000,350.307,3.019
2015-01-25 02:00:00,-999,97.773,-999,259.151,0.000,348.204,3.298
2015-01-25 03:00:00,-999,98.526,-999,258.957,0.000,345.435,3.185
2015-01-25 04:00:00,-999,96.352,-999,258.807,0.000,344.680,3.126
2015-01-25 05:00:00,-999,95.725,-999,258.792,0.000,345.197,3.426
2015-01-25 06:00:00,-999,96.133,-999,258.782,0.000,347.303,3.674
2015-01-25 07:00:00,-999,97.909,0.014,258.824,0.000,349.662,3.769
2015-01-25 08:00:00,-999,96.630,26.307,258.915,0.000,350.319,4.549
2015-01-25 09:00:00,-999,97.033,84.401,259.028,0.000,350.918,4.213
2015-01-25 10:00:00,-999,98.531,142.300,260.489,0.000,348.589,4.824
2015-01-25 11:00:00,-999,98.937,188.340,260.116,0.000,352.354,4.444
2015-01-25 12:00:00,-999,98.134,220.963,259.952,0.000,356.097,3.931
2015-01-25 13:00:00,-999,101.061,219.658,259.636,0.000,356.854,3.739
2015-01-25 14:00:00,-999,101.315,176.251,259.341,0.000,355.944,3.698
2015-01-25 15:00:00,-999,100.733,116.159,258.952,0.000,359.966,2.570
2015-01-25 16:00:00,-999,99.528,43.054,258.480,0.000,0.803,2.370
2015-01-25 17:00:00,-999,98.728,0.378,258.077,0.000,4.184,1.949
2015-01-25 18:00:00,-999,99.626,-999,257.837,0.000,0.799,1.949
2015-01-25 19:00:00,-999,97.569,-999,257.641,0.000,2.811,1.838
2015-01-25 20:00:00,-999,92.756,-999,257.558,0.000,7.740,1.691
2015-01-25 21:00:00,-999,91.598,-999,257.518,0.000,14.972,1.547
2015-01-25 22:00:00,-999,88.402,-999,258.635,0.000,14.002,2.150
2015-01-25 23:00:00,-999,91.230,-999,258.575,0.000,16.099,1.873
2015-01-26 00:00:00,-999,89.883,-999,258.750,0.000,15.819,1.969
2015-01-26 01:00:00,-999,89.237,-999,258.814,0.000,8.467,1.580
2015-01-26 02:00:00,-999,88.870,-999,258.971,0.000,16.672,1.337
2015-01-26 03:00:00,-999,88.355,-999,259.230,0.000,18.048,1.251
2015-01-26 04:00:00,-999,90.132,-999,259.411,0.000,14.557,1.326
2015-01-26 05:00:00,-999,91.788,-999,259.420,0.000,13.435,1.150
2015-01-26 06:00:00,-999,92.134,-999,259.475,0.000,17.372,1.124
2015-01-26 07:00:00,-999,90.874,0.063,259.550,0.000,23.854,1.169
2015-01-26 08:00:00,-999,88.531,32.852,259.668,0.000,24.928,1.229
2015-01-26 09:00:00,-999,85.230,80.517,259.888,0.000,12.314,0.967
2015-01-26 10:00:00,-999,75.816,131.235,260.353,0.000,355.445,1.406
2015-01-26 11:00:00,-999,71.737,188.069,260.530,0.000,337.923,0.790
2015-01-26 12:00:00,-999,62.675,232.782,261.023,0.000,294.919,0.378
2015-01-26 13:00:00,-999,57.761,239.127,261.392,0.000,296.996,0.647
2015-01-26 14:00:00,-999,57.067,197.243,261.645,0.000,301.440,0.953
2015-01-26 15:00:00,-999,53.596,124.202,261.883,0.000,312.766,1.000
2015-01-26 16:00:00,-999,56.614,44.192,262.137,0.000,324.849,1.139
2015-01-26 17:00:00,-999,64.302,0.449,262.456,0.000,331.208,1.356
2015-01-26 18:00:00,-999,74.403,-999,262.848,0.000,332.147,1.204
2015-01-26 19:00:00,-999,82.060,-999,263.327,0.000,330.094,1.019
2015-01-26 20:00:00,-999,87.778,-999,263.744,0.000,326.629,1.220
2015-01-26 21:00:00,-999,91.771,-999,264.177,0.001,327.601,1.068
2015-01-26 22:00:00,-999,95.293,-999,264.316,0.001,320.673,1.510
2015-01-26 23:00:00,-999,95.889,-999,264.999,0.001,316.209,1.936
2015-01-27 00:00:00,-999,97.586,-999,265.348,0.001,316.464,2.117
2015-01-27 01:00:00,-999,98.979,-999,265.306,0.001,324.370,2.039
2015-01-27 02:00:00,-999,96.076,-999,265.134,0.001,332.833,2.103
2015-01-27 03:00:00,-999,97.585,-999,264.547,0.001,334.751,2.437
2015-01-27 04:00:00,-999,96.439,-999,263.947,0.001,334.301,2.549
2015-01-27 05:00:00,-999,94.499,-999,263.296,0.001,334.907,3.073
2015-01-27 06:00:00,-999,94.345,-999,262.725,0.001,334.720,3.600
2015-01-27 07:00:00,-999,97.496,0.082,262.137,0.000,335.935,3.929
2015-01-27 08:00:00,-999,101.357,18.590,261.576,0.000,336.272,4.522
2015-01-27 09:00:00,-999,97.835,86.062,261.236,0.000,334.994,4.581
2015-01-27 10:00:00,-999,94.284,145.519,261.238,0.000,334.979,4.918
2015-01-27 11:00:00,-999,86.009,194.148,260.960,0.000,334.179,4.429
2015-01-27 12:00:00,-999,81.877,224.037,260.743,0.000,335.056,4.997
2015-01-27 13:00:00,-999,85.417,223.180,260.428,0.000,335.635,4.958
2015-01-27 14:00:00,-999,87.252,182.909,260.146,0.000,336.323,4.707
2015-01-27 15:00:00,-999,90.870,119.602,259.808,0.000,335.398,3.432
2015-01-27 16:00:00,-999,99.672,45.504,259.438,0.000,332.660,2.693
2015-01-27 17:00:00,-999,101.401,0.706,259.410,0.000,328.452,2.713
2015-01-27 18:00:00,-999,101.560,-999,259.442,0.000,325.518,2.649
2015-01-27 19:00:00,-999,100.511,-999,259.417,0.001,323.270,3.008
2015-01-27 20:00:00,-999,99.092,-999,259.508,0.001,323.331,3.542
2015-01-27 21:00:00,-999,98.189,-999,259.719,0.001,326.598,3.537
2015-01-27 22:00:00,-999,101.932,-999,260.753,0.001,323.430,3.310
2015-01-27 23:00:00,-999,100.771,-999,260.564,0.000,320.596,3.676
2015-01-28 00:00:00,-999,98.868,-999,260.387,0.001,325.484,3.370
2015-01-28 01:00:00,-999,97.173,-999,260.290,0.000,330.723,3.358
2015-01-28 02:00:00,-999,97.440,-999,260.105,0.000,336.327,2.744
2015-01-28 03:00:00,-999,97.548,-999,260.044,0.000,338.864,2.696
2015-01-28 04:00:00,-999,98.358,-999,259.953,0.000,343.649,2.094
2015-01-28 05:00:00,-999,96.524,-999,259.904,0.000,349.092,1.719
2015-01-28 06:00:00,-999,97.030,-999,259.837,0.000,348.409,1.181
2015-01-28 07:00:00,-999,96.634,0.196,259.704,0.000,344.075,0.943
2015-01-28 08:00:00,-999,90.909,34.876,259.785,0.000,322.900,0.690
2015-01-28 09:00:00,-999,80.684,86.587,260.164,0.000,297.456,0.573
2015-01-28 10:00:00,-999,71.859,139.294,260.706,0.000,294.098,0.243
2015-01-28 11:00:00,-999,57.991,195.227,261.776,0.000,285.777,0.481
2015-01-28 12:00:00,-999,51.546,258.861,262.389,0.000,291.151,0.983
2015-01-28 13:00:00,-999,47.866,262.290,262.946,0.000,267.193,0.628
2015-01-28 14:00:00,-999,45.508,220.641,263.302,0.000,277.132,1.325
2015-01-28 15:00:00,-999,45.190,145.247,263.553,0.000,265.923,0.701
2015-01-28 16:00:00,-999,36.490,56.934,264.138,0.000,195.701,1.228
2015-01-28 17:00:00,-999,31.801,1.079,264.714,0.000,210.972,1.431
2015-01-28 18:00:00,-999,32.872,-999,265.144,0.000,213.283,1.670
2015-01-28 19:00:00,-999,36.590,-999,265.085,0.000,207.022,2.118
2015-01-28 20:00:00,-999,43.737,-999,265.137,0.000,214.774,1.992
2015-01-28 21:00:00,-999,51.538,-999,265.299,0.000,208.099,2.081
2015-01-28 22:00:00,-999,62.570,-999,265.388,0.000,206.764,1.588
2015-01-28 23:00:00,-999,67.598,-999,265.315,0.000,198.653,2.180
2015-01-29 00:00:00,-999,71.479,-999,264.595,0.000,203.879,2.782
2015-01-29 01:00:00,-999,72.386,-999,263.848,0.000,209.299,3.215
2015-01-29 02:00:00,-999,73.408,-999,263.257,0.001,203.855,2.542
2015-01-29 03:00:00,-999,76.215,-999,262.966,0.000,207.070,2.336
2015-01-29 04:00:00,-999,81.308,-999,262.669,0.000,210.730,1.880
2015-01-29 05:00:00,-999,85.784,-999,262.235,0.000,221.359,1.486
2015-01-29 06:00:00,-999,90.006,-999,261.920,0.000,239.552,1.313
2015-01-29 07:00:00,-999,91.734,0.199,261.809,0.001,247.955,1.072
2015-01-29 08:00:00,-999,92.144,31.030,261.822,0.000,257.218,1.305
2015-01-29 09:00:00,-999,91.173,86.672,262.175,0.000,230.919,1.142
2015-01-29 10:00:00,-999,94.054,136.726,261.838,0.000,170.492,0.822
2015-01-29 11:00:00,-999,83.561,177.146,262.805,0.000,186.262,1.934
2015-01-29 12:00:00,-999,81.208,197.947,263.221,0.000,196.061,2.483
2015-01-29 13:00:00,-999,83.507,193.014,263.111,0.000,201.072,2.738
2015-01-29 14:00:00,-999,83.435,163.760,263.172,0.000,193.389,2.085
2015-01-29 15:00:00,-999,84.225,108.722,263.038,0.000,190.152,2.604
2015-01-29 16:00:00,-999,84.347,46.468,262.802,0.000,186.381,2.484
2015-01-29 17:00:00,-999,84.753,1.273,262.523,0.000,180.339,2.638
2015-01-29 18:00:00,-999,86.065,-999,262.374,0.000,180.478,2.953
2015-01-29 19:00:00,-999,86.193,-999,262.242,0.000,180.992,3.737
2015-01-29 20:00:00,-999,86.337,-999,262.145,0.000,180.278,4.129
2015-01-29 21:00:00,-999,88.617,-999,261.954,0.000,181.577,4.184
2015-01-29 22:00:00,-999,88.519,-999,262.671,0.000,187.162,4.220
2015-01-29 23:00:00,-999,88.403,-999,262.879,0.000,181.381,4.547
2015-01-30 00:00:00,-999,91.228,-999,262.631,0.000,181.019,4.514
2015-01-30 01:00:00,-999,91.551,-999,262.690,0.000,187.795,4.284
2015-01-30 02:00:00,-999,90.464,-999,262.920,0.000,196.593,3.364
2015-01-30 03:00:00,-999,89.850,-999,263.033,0.000,214.563,2.280
2015-01-30 04:00:00,-999,93.929,-999,262.570,0.001,260.707,1.447
2015-01-30 05:00:00,-999,96.915,-999,261.906,0.001,312.146,2.419
2015-01-30 06:00:00,-999,97.169,-999,260.834,0.001,326.286,4.062
2015-01-30 07:00:00,-999,96.184,0.295,259.497,0.001,325.625,4.442
2015-01-30 08:00:00,-999,94.464,31.458,258.478,0.000,326.498,4.601
2015-01-30 09:00:00,-999,95.728,94.971,257.821,0.000,331.658,4.391
2015-01-30 10:00:00,-999,89.572,158.308,257.937,0.000,335.056,3.518
2015-01-30 11:00:00,-999,88.343,216.531,257.843,0.000,340.138,3.127
2015-01-30 12:00:00,-999,85.049,232.053,258.042,0.000,344.071,3.021
2015-01-30 13:00:00,-999,86.018,213.093,258.225,0.000,344.154,2.929
2015-01-30 14:00:00,-999,87.232,194.371,258.363,0.000,343.568,2.568
2015-01-30 15:00:00,-999,87.270,138.351,258.473,0.000,341.960,2.178
2015-01-30 16:00:00,-999,85.049,50.957,258.621,0.000,335.000,1.537
2015-01-30 17:00:00,-999,80.941,1.731,258.778,0.000,323.637,1.512
2015-01-30 18:00:00,-999,77.415,-999,258.979,0.000,318.341,0.628
2015-01-30 19:00:00,-999,69.330,-999,259.260,0.000,284.930,0.296
2015-01-30 20:00:00,-999,66.826,-999,259.450,0.000,238.245,0.387
2015-01-30 21:00:00,-999,71.437,-999,259.647,0.000,240.609,0.624
2015-01-30 22:00:00,-999,80.121,-999,259.519,0.000,261.024,0.836
2015-01-30 23:00:00,-999,84.726,-999,259.512,0.000,255.478,0.996
2015-01-31 00:00:00,-999,87.576,-999,259.470,0.000,240.223,0.937
2015-01-31 01:00:00,-999,90.469,-999,259.548,0.000,242.081,0.841
2015-01-31 02:00:00,-999,90.416,-999,259.758,0.000,256.121,1.036
2015-01-31 03:00:00,-999,89.243,-999,259.922,0.000,268.362,1.073
2015-01-31 04:00:00,-999,89.431,-999,260.054,0.000,276.740,1.092
2015-01-31 05:00:00,-999,92.412,-999,260.113,0.000,280.960,0.823
2015-01-31 06:00:00,-999,92.982,-999,260.165,0.000,270.717,0.537
2015-01-31 07:00:00,-999,91.020,0.594,258.735,0.000,223.043,0.353
2015-01-31 08:00:00,-999,86.169,37.182,258.713,0.000,192.150,0.454
2015-01-31 09:00:00,-999,72.965,77.306,259.686,0.000,180.600,0.521
2015-01-31 10:00:00,-999,68.425,139.604,259.843,0.000,178.280,1.041
2015-01-31 11:00:00,-999,59.875,217.277,260.945,0.000,185.606,1.626
2015-01-31 12:00:00,-999,57.371,271.775,261.515,0.000,191.064,1.347
2015-01-31 13:00:00,-999,57.408,278.400,261.746,0.000,197.828,1.271
2015-01-31 14:00:00,-999,60.864,235.140,261.695,0.000,201.592,1.188
2015-01-31 15:00:00,-999,64.262,153.639,261.401,0.000,201.888,1.081
2015-01-31 16:00:00,-999,64.940,62.509,261.113,0.000,203.833,0.979
2015-01-31 17:00:00,-999,64.786,2.076,260.954,0.000,210.356,0.827
2015-01-31 18:00:00,-999,66.090,-999,260.850,0.000,216.942,0.733
2015-01-31 19:00:00,-999,68.809,-999,260.676,0.000,223.122,0.656
2015-01-31 20:00:00,-999,72.837,-999,260.500,0.000,226.838,0.481
2015-01-31 21:00:00,-999,75.641,-999,260.346,0.000,235.297,0.378
2015-01-31 22:00:00,-999,83.049,-999,260.554,0.000,350.668,0.996
2015-01-31 23:00:00,-999,84.962,-999,260.365,0.000,2.520,0.483
